{
    "servicios_frecuentes": {
        "GABINETE": 3104,
        "LABORATORIO": 2120
    },
    "ingresos_por_rango": {
        "Alto": 380900.0,
        "Bajo": 85632.0,
        "Medio": 527920.8
    },
    "ingresos_por_mes": {
        "1": 88884.8,
        "2": 64925.0,
        "3": 79920.4,
        "4": 81735.4,
        "5": 83798.0,
        "6": 102963.6,
        "7": 73788.6,
        "8": 81850.3,
        "9": 78061.5,
        "10": 97791.4,
        "11": 84040.2,
        "12": 76693.6
    },
    "estadisticas_por_tipo": {
        "subtotal_sum": {
            "GABINETE": 802280.0,
            "LABORATORIO": 192172.8
        },
        "subtotal_mean": {
            "GABINETE": 258.46649484536084,
            "LABORATORIO": 90.64754716981132
        },
        "subtotal_count": {
            "GABINETE": 3104,
            "LABORATORIO": 2120
        },
        "precio_mean": {
            "GABINETE": 258.46649484536084,
            "LABORATORIO": 95.97169811320755
        },
        "precio_std": {
            "GABINETE": 87.90815768762411,
            "LABORATORIO": 30.343310928696003
        }
    },
    "correlaciones": {
        "cantidad": {
            "cantidad": NaN,
            "precio": NaN,
            "subtotal": NaN
        },
        "precio": {
            "cantidad": NaN,
            "precio": 1.0,
            "subtotal": 0.9604599381537718
        },
        "subtotal": {
            "cantidad": NaN,
            "precio": 0.9604599381537718,
            "subtotal": 1.0
        }
    }
}